{
    "name": "root",
    "gauges": {
        "Agent.Policy.Entropy.mean": {
            "value": 1.2936936616897583,
            "min": 1.2936936616897583,
            "max": 1.322148084640503,
            "count": 16
        },
        "Agent.Policy.Entropy.sum": {
            "value": 64596.7109375,
            "min": 18800.9453125,
            "max": 66143.1015625,
            "count": 16
        },
        "Agent.Environment.EpisodeLength.mean": {
            "value": 23.456760630673674,
            "min": 21.758179231863444,
            "max": 61.8375499334221,
            "count": 16
        },
        "Agent.Environment.EpisodeLength.sum": {
            "value": 49095.0,
            "min": 10441.0,
            "max": 51654.0,
            "count": 16
        },
        "Agent.Step.mean": {
            "value": 1999985.0,
            "min": 1249993.0,
            "max": 1999985.0,
            "count": 16
        },
        "Agent.Step.sum": {
            "value": 1999985.0,
            "min": 1249993.0,
            "max": 1999985.0,
            "count": 16
        },
        "Agent.Policy.ExtrinsicValueEstimate.mean": {
            "value": 2.522749662399292,
            "min": 1.7232844829559326,
            "max": 2.563464879989624,
            "count": 16
        },
        "Agent.Policy.ExtrinsicValueEstimate.sum": {
            "value": 5595.458984375,
            "min": 923.405517578125,
            "max": 5785.740234375,
            "count": 16
        },
        "Agent.Environment.CumulativeReward.mean": {
            "value": 2.943035514670172,
            "min": 2.7495282896388162,
            "max": 2.9500075647345896,
            "count": 16
        },
        "Agent.Environment.CumulativeReward.sum": {
            "value": 6159.77333220467,
            "min": 1084.6555487886071,
            "max": 6335.453244127333,
            "count": 16
        },
        "Agent.Policy.ExtrinsicReward.mean": {
            "value": 2.943035514670172,
            "min": 2.7495282896388162,
            "max": 2.9500075647345896,
            "count": 16
        },
        "Agent.Policy.ExtrinsicReward.sum": {
            "value": 6159.77333220467,
            "min": 1084.6555487886071,
            "max": 6335.453244127333,
            "count": 16
        },
        "Agent.Losses.PolicyLoss.mean": {
            "value": 0.03577878442127257,
            "min": 0.03149965220907082,
            "max": 0.03611647075197349,
            "count": 16
        },
        "Agent.Losses.PolicyLoss.sum": {
            "value": 0.17889392210636287,
            "min": 0.031809291693692406,
            "max": 0.18058235375986745,
            "count": 16
        },
        "Agent.Losses.ValueLoss.mean": {
            "value": 0.09967614861826102,
            "min": 0.08589769868801038,
            "max": 0.20650921339790027,
            "count": 16
        },
        "Agent.Losses.ValueLoss.sum": {
            "value": 0.4983807430913051,
            "min": 0.20650921339790027,
            "max": 0.8094428777694702,
            "count": 16
        },
        "Agent.Policy.LearningRate.mean": {
            "value": 3.70920876363e-06,
            "min": 3.70920876363e-06,
            "max": 0.00011303646232119997,
            "count": 16
        },
        "Agent.Policy.LearningRate.sum": {
            "value": 1.854604381815e-05,
            "min": 1.854604381815e-05,
            "max": 0.0005420860693047499,
            "count": 16
        },
        "Agent.Policy.Epsilon.mean": {
            "value": 0.10123637000000003,
            "min": 0.10123637000000003,
            "max": 0.13767880000000002,
            "count": 16
        },
        "Agent.Policy.Epsilon.sum": {
            "value": 0.5061818500000002,
            "min": 0.13767880000000002,
            "max": 0.6806952500000001,
            "count": 16
        },
        "Agent.Policy.Beta.mean": {
            "value": 7.1694863e-05,
            "min": 7.1694863e-05,
            "max": 0.0018901721200000007,
            "count": 16
        },
        "Agent.Policy.Beta.sum": {
            "value": 0.000358474315,
            "min": 0.000358474315,
            "max": 0.009066692975,
            "count": 16
        },
        "Agent.IsTraining.mean": {
            "value": 1.0,
            "min": 1.0,
            "max": 1.0,
            "count": 16
        },
        "Agent.IsTraining.sum": {
            "value": 1.0,
            "min": 1.0,
            "max": 1.0,
            "count": 16
        }
    },
    "metadata": {
        "timer_format_version": "0.1.0",
        "start_time_seconds": "1753176085",
        "python_version": "3.10.12 | packaged by Anaconda, Inc. | (main, Jul  5 2023, 19:01:18) [MSC v.1916 64 bit (AMD64)]",
        "command_line_arguments": "C:\\Users\\risha\\miniconda3\\envs\\mlagents\\Scripts\\mlagents-learn config/Agent.yaml --run-id=movingtarget --resume",
        "mlagents_version": "1.1.0",
        "mlagents_envs_version": "1.1.0",
        "communication_protocol_version": "1.5.0",
        "pytorch_version": "2.2.2+cu121",
        "numpy_version": "1.23.5",
        "end_time_seconds": "1753177098"
    },
    "total": 1013.0424204000738,
    "count": 1,
    "self": 0.011073200032114983,
    "children": {
        "run_training.setup": {
            "total": 0.12886050005909055,
            "count": 1,
            "self": 0.12886050005909055
        },
        "TrainerController.start_learning": {
            "total": 1012.9024866999825,
            "count": 1,
            "self": 1.0942176980897784,
            "children": {
                "TrainerController._reset_env": {
                    "total": 8.318819099920802,
                    "count": 1,
                    "self": 8.318819099920802
                },
                "TrainerController.advance": {
                    "total": 1003.4221642019693,
                    "count": 62639,
                    "self": 1.0579711890313774,
                    "children": {
                        "env_step": {
                            "total": 707.0399294070667,
                            "count": 62639,
                            "self": 591.5067933961982,
                            "children": {
                                "SubprocessEnvManager._take_step": {
                                    "total": 114.75144850590732,
                                    "count": 62639,
                                    "self": 2.6430649037938565,
                                    "children": {
                                        "TorchPolicy.evaluate": {
                                            "total": 112.10838360211346,
                                            "count": 42458,
                                            "self": 112.10838360211346
                                        }
                                    }
                                },
                                "workers": {
                                    "total": 0.7816875049611554,
                                    "count": 62639,
                                    "self": 0.0,
                                    "children": {
                                        "worker_root": {
                                            "total": 1004.1687254160643,
                                            "count": 62639,
                                            "is_parallel": true,
                                            "self": 492.40323192370124,
                                            "children": {
                                                "steps_from_proto": {
                                                    "total": 0.0005566999316215515,
                                                    "count": 1,
                                                    "is_parallel": true,
                                                    "self": 0.00013860000763088465,