{
    "name": "root",
    "gauges": {
        "Agent.Policy.Entropy.mean": {
            "value": 1.3216291666030884,
            "min": 1.3216291666030884,
            "max": 1.3470741510391235,
            "count": 20
        },
        "Agent.Policy.Entropy.sum": {
            "value": 66062.953125,
            "min": 66062.953125,
            "max": 67963.8515625,
            "count": 20
        },
        "Agent.Environment.EpisodeLength.mean": {
            "value": 47.92019704433498,
            "min": 47.854838709677416,
            "max": 276.32947976878614,
            "count": 20
        },
        "Agent.Environment.EpisodeLength.sum": {
            "value": 48639.0,
            "min": 40254.0,
            "max": 57370.0,
            "count": 20
        },
        "Agent.Step.mean": {
            "value": 1999988.0,
            "min": 1049995.0,
            "max": 1999988.0,
            "count": 20
        },
        "Agent.Step.sum": {
            "value": 1999988.0,
            "min": 1049995.0,
            "max": 1999988.0,
            "count": 20
        },
        "Agent.Policy.ExtrinsicValueEstimate.mean": {
            "value": 2.221459150314331,
            "min": 0.6082855463027954,
            "max": 2.221459150314331,
            "count": 20
        },
        "Agent.Policy.ExtrinsicValueEstimate.sum": {
            "value": 2905.66845703125,
            "min": 533.4664306640625,
            "max": 2905.66845703125,
            "count": 20
        },
        "Agent.Environment.CumulativeReward.mean": {
            "value": 2.9455901216926614,
            "min": 1.9110116112986397,
            "max": 2.9590569827278452,
            "count": 20
        },
        "Agent.Environment.CumulativeReward.sum": {
            "value": 2989.773973518051,
            "min": 332.1694803265855,
            "max": 2989.773973518051,
            "count": 20
        },
        "Agent.Policy.ExtrinsicReward.mean": {
            "value": 2.9455901216926614,
            "min": 1.9110116112986397,
            "max": 2.9590569827278452,
            "count": 20
        },
        "Agent.Policy.ExtrinsicReward.sum": {
            "value": 2989.773973518051,
            "min": 332.1694803265855,
            "max": 2989.773973518051,
            "count": 20
        },
        "Agent.Losses.PolicyLoss.mean": {
            "value": 0.035035122260451315,
            "min": 0.031208655019290744,
            "max": 0.03690174252415697,
            "count": 20
        },
        "Agent.Losses.PolicyLoss.sum": {
            "value": 0.17517561130225656,
            "min": 0.1311304204010715,
            "max": 0.18450871262078483,
            "count": 20
        },
        "Agent.Losses.ValueLoss.mean": {
            "value": 0.09681266841789087,
            "min": 0.07624647623548905,
            "max": 0.1290538136661053,
            "count": 20
        },
        "Agent.Losses.ValueLoss.sum": {
            "value": 0.48406334208945434,
            "min": 0.3656830771205326,
            "max": 0.6452690683305264,
            "count": 20
        },
        "Agent.Policy.LearningRate.mean": {
            "value": 3.5685388105199937e-06,
            "min": 3.5685388105199937e-06,
            "max": 0.0001461268637910625,
            "count": 20
        },
        "Agent.Policy.LearningRate.sum": {
            "value": 1.7842694052599968e-05,
            "min": 1.7842694052599968e-05,
            "max": 0.0006957989680671001,
            "count": 20
        },
        "Agent.Policy.Epsilon.mean": {
            "value": 0.10118948000000003,
            "min": 0.10118948000000003,
            "max": 0.14870893750000003,
            "count": 20
        },
        "Agent.Policy.Epsilon.sum": {
            "value": 0.5059474000000002,
            "min": 0.45511035,
            "max": 0.7319329000000001,
            "count": 20
        },
        "Agent.Policy.Beta.mean": {
            "value": 6.935505199999992e-05,
            "min": 6.935505199999992e-05,
            "max": 0.00244057598125,
            "count": 20
        },
        "Agent.Policy.Beta.sum": {
            "value": 0.00034677525999999957,
            "min": 0.00034677525999999957,
            "max": 0.01162345171,
            "count": 20
        },
        "Agent.IsTraining.mean": {
            "value": 1.0,
            "min": 1.0,
            "max": 1.0,
            "count": 20
        },
        "Agent.IsTraining.sum": {
            "value": 1.0,
            "min": 1.0,
            "max": 1.0,
            "count": 20
        }
    },
    "metadata": {
        "timer_format_version": "0.1.0",
        "start_time_seconds": "1753153842",
        "python_version": "3.10.12 | packaged by Anaconda, Inc. | (main, Jul  5 2023, 19:01:18) [MSC v.1916 64 bit (AMD64)]",
        "command_line_arguments": "C:\\Users\\risha\\miniconda3\\envs\\mlagents\\Scripts\\mlagents-learn config/Turtle.yaml --run-id=finaltutorialtest --resume",
        "mlagents_version": "1.1.0",
        "mlagents_envs_version": "1.1.0",
        "communication_protocol_version": "1.5.0",
        "pytorch_version": "2.2.2+cu121",
        "numpy_version": "1.23.5",
        "end_time_seconds": "1753154534"
    },
    "total": 691.6015846000519,
    "count": 1,
    "self": 0.005187000031583011,
    "children": {
        "run_training.setup": {
            "total": 0.08453150000423193,
            "count": 1,
            "self": 0.08453150000423193
        },
        "TrainerController.start_learning": {
            "total": 691.511866100016,
            "count": 1,
            "self": 0.6614059052662924,
            "children": {
                "TrainerController._reset_env": {
                    "total": 9.490203599911183,
                    "count": 1,
                    "self": 9.490203599911183
                },
                "TrainerController.advance": {
                    "total": 681.316159794922,
                    "count": 64847,
                    "self": 0.63352889532689,
                    "children": {
                        "env_step": {
                            "total": 451.4752659042133,
                            "count": 64847,
                            "self": 321.8236436787993,
                            "children": {
                                "SubprocessEnvManager._take_step": {
                                    "total": 129.17223801382352,
                                    "count": 64847,
                                    "self": 2.2299069254659116,
                                    "children": {
                                        "TorchPolicy.evaluate": {
                                            "total": 126.9423310883576,
                                            "count": 55580,
                                            "self": 126.9423310883576
                                        }
                                    }
                                },
                                "workers": {
                                    "total": 0.4793842115905136,
                                    "count": 64847,
                                    "self": 0.0,
                                    "children": {
                                        "worker_root": {
                                            "total": 681.6070730208885,
                                            "count": 64847,
                                            "is_parallel": true,
                                            "self": 416.91893881873693,
                                            "children": {
                                                "steps_from_proto": {
                                                    "total": 0.00035859993658959866,
                                                    "count": 1,
                                                    "is_parallel": true,
                                                    "self": 7.930002175271511e-05,